-- phpMyAdmin SQL Dump
-- version 5.2.1
-- https://www.phpmyadmin.net/
--
-- Host: 127.0.0.1
-- Generation Time: Sep 08, 2025 at 06:58 PM
-- Server version: 10.4.32-MariaDB
-- PHP Version: 8.2.12

SET SQL_MODE = "NO_AUTO_VALUE_ON_ZERO";
START TRANSACTION;
SET time_zone = "+00:00";


/*!40101 SET @OLD_CHARACTER_SET_CLIENT=@@CHARACTER_SET_CLIENT */;
/*!40101 SET @OLD_CHARACTER_SET_RESULTS=@@CHARACTER_SET_RESULTS */;
/*!40101 SET @OLD_COLLATION_CONNECTION=@@COLLATION_CONNECTION */;
/*!40101 SET NAMES utf8mb4 */;

--
-- Database: `fine_alluminium`
--

-- --------------------------------------------------------

--
-- Table structure for table `frame_image`
--

CREATE TABLE `frame_image` (
  `frame_image_id` int(11) NOT NULL,
  `url` varchar(255) NOT NULL,
  `name` varchar(100) NOT NULL,
  `status` tinyint(1) NOT NULL DEFAULT 1,
  `is_deleted` tinyint(1) NOT NULL DEFAULT 0,
  `created_at` datetime NOT NULL DEFAULT current_timestamp(),
  `updated_at` datetime NOT NULL DEFAULT current_timestamp(),
  `deleted_at` datetime DEFAULT NULL
) ENGINE=InnoDB DEFAULT CHARSET=utf8mb4 COLLATE=utf8mb4_general_ci;

--
-- Dumping data for table `frame_image`
--

INSERT INTO `frame_image` (`frame_image_id`, `url`, `name`, `status`, `is_deleted`, `created_at`, `updated_at`, `deleted_at`) VALUES
(4, '1738164951_2bf6b58047c76572cbf1.png', 'Two Track Image', 1, 0, '2024-09-18 21:37:36', '2024-09-18 21:37:36', NULL),
(5, '1757141066_10702885e7a691fce9e5.jpeg', 'Three Track Image', 1, 0, '2024-09-18 21:38:05', '2024-09-18 21:38:05', NULL),
(6, '1738164967_abb5b86ba401b0468ee5.png', 'Door', 1, 0, '2024-09-18 21:38:19', '2024-09-18 21:38:19', NULL),
(7, '1738385432_556360e778bb067858c6.jpg', '4 Track', 1, 0, '2025-02-01 04:50:32', '2025-02-01 04:50:32', NULL),
(8, '', 'test', 1, 1, '2025-08-27 16:51:34', '2025-08-27 16:51:34', '2025-08-27 11:24:56');

-- --------------------------------------------------------

--
-- Table structure for table `invoice`
--

CREATE TABLE `invoice` (
  `invoice_id` int(11) NOT NULL,
  `name` varchar(100) NOT NULL,
  `header` text NOT NULL,
  `status` tinyint(1) NOT NULL DEFAULT 1,
  `created_at` datetime NOT NULL DEFAULT current_timestamp(),
  `updated_at` datetime NOT NULL DEFAULT current_timestamp()
) ENGINE=InnoDB DEFAULT CHARSET=utf8mb4 COLLATE=utf8mb4_general_ci;

--
-- Dumping data for table `invoice`
--

INSERT INTO `invoice` (`invoice_id`, `name`, `header`, `status`, `created_at`, `updated_at`) VALUES
(1, 'Simple', '-', 1, '2024-08-13 17:36:57', '2024-08-13 17:36:57'),
(2, 'with location', 'location', 1, '2024-08-13 17:40:24', '2024-08-13 17:40:24'),
(3, 'with image + location', 'image,location', 1, '2024-08-13 17:40:43', '2024-08-13 17:40:43'),
(4, 'With image', 'image', 1, '2024-08-19 15:21:21', '2024-08-19 15:21:21');

-- --------------------------------------------------------

--
-- Table structure for table `location`
--

CREATE TABLE `location` (
  `location_id` int(11) NOT NULL,
  `name` varchar(200) NOT NULL,
  `status` tinyint(1) NOT NULL DEFAULT 1,
  `is_deleted` tinyint(1) NOT NULL DEFAULT 0,
  `deleted_at` datetime DEFAULT NULL,
  `created_at` datetime NOT NULL DEFAULT current_timestamp(),
  `updated_at` datetime NOT NULL DEFAULT current_timestamp()
) ENGINE=InnoDB DEFAULT CHARSET=utf8mb4 COLLATE=utf8mb4_general_ci;

--
-- Dumping data for table `location`
--

INSERT INTO `location` (`location_id`, `name`, `status`, `is_deleted`, `deleted_at`, `created_at`, `updated_at`) VALUES
(1, 'First Floar Hall', 1, 0, NULL, '2024-09-13 04:24:18', '2024-09-13 04:24:18'),
(2, 'First Floor Bedroom 1', 0, 0, NULL, '2024-09-15 11:16:47', '2024-09-15 11:16:47'),
(3, 'Tarrace', 0, 0, NULL, '2024-12-28 10:22:25', '2024-12-28 10:22:25'),
(7, 'Ground Floor', 1, 0, NULL, '2025-02-04 02:51:07', '2025-02-04 02:51:07'),
(8, 'GH', 1, 0, NULL, '2025-02-04 16:17:34', '2025-02-04 16:17:34'),
(9, 'GB1', 1, 0, NULL, '2025-02-04 16:17:54', '2025-02-04 16:17:54'),
(10, 'GB2', 1, 0, NULL, '2025-02-04 16:18:05', '2025-02-04 16:18:05'),
(11, 'FH', 1, 0, NULL, '2025-02-04 16:18:29', '2025-02-04 16:18:29'),
(12, 'FB1', 0, 0, NULL, '2025-02-04 16:18:48', '2025-02-04 16:18:48'),
(13, 'FB2', 1, 0, NULL, '2025-02-04 16:18:58', '2025-02-04 16:18:58'),
(14, 'GO', 1, 0, NULL, '2025-02-04 16:30:41', '2025-02-04 16:30:41'),
(15, 'OSARI', 1, 0, NULL, '2025-02-07 14:46:49', '2025-02-07 14:46:49'),
(16, 'KITCHEN', 1, 0, NULL, '2025-02-07 14:47:15', '2025-02-07 14:47:15'),
(17, 'GH1', 1, 0, NULL, '2025-02-07 14:54:15', '2025-02-07 14:54:15'),
(18, 'GKITCHEN1', 1, 0, NULL, '2025-02-14 14:28:35', '2025-02-14 14:28:35'),
(19, 'GKITCHEN2', 1, 0, NULL, '2025-02-14 14:28:46', '2025-02-14 14:28:46'),
(20, 'FH1', 1, 0, NULL, '2025-02-14 14:29:04', '2025-02-14 14:29:04'),
(21, 'FH2', 1, 0, NULL, '2025-02-14 14:29:12', '2025-02-14 14:29:12'),
(22, 'FKITCHEN1', 1, 0, NULL, '2025-02-14 14:29:26', '2025-02-14 14:29:26'),
(23, 'FKITCHEN2', 1, 0, NULL, '2025-02-14 14:29:39', '2025-02-14 14:29:39'),
(27, 'SIDI UPAR', 1, 0, NULL, '2025-02-14 14:30:48', '2025-02-14 14:30:48'),
(28, '-', 0, 1, '2025-08-27 04:28:25', '2025-03-02 11:41:54', '2025-03-02 11:41:54'),
(32, 'WASH AREA', 1, 0, NULL, '2025-03-02 11:44:26', '2025-03-02 11:44:26'),
(33, 'COMMON', 1, 0, NULL, '2025-03-02 11:44:54', '2025-03-02 11:44:54'),
(34, 'GF', 1, 0, NULL, '2025-03-14 13:17:14', '2025-03-14 13:17:14'),
(35, 'OSARI1', 1, 0, NULL, '2025-03-20 12:09:01', '2025-03-20 12:09:01'),
(36, 'OSARI2', 1, 0, NULL, '2025-03-20 12:09:11', '2025-03-20 12:09:11'),
(37, 'GALI MA', 1, 0, NULL, '2025-03-20 12:14:57', '2025-03-20 12:14:57'),
(38, 'WASHAREA1', 1, 0, NULL, '2025-03-25 14:00:36', '2025-03-25 14:00:36'),
(39, 'G.F.', 1, 0, NULL, '2025-04-02 03:30:05', '2025-04-02 03:30:05'),
(40, 'G.F.2', 1, 0, NULL, '2025-04-02 03:30:19', '2025-04-02 03:30:19'),
(41, 'F.F.1', 1, 0, NULL, '2025-04-02 03:30:31', '2025-04-02 03:30:31'),
(42, 'F.F.2', 1, 0, NULL, '2025-04-02 03:30:41', '2025-04-02 03:30:41'),
(43, 'S.F.1', 1, 0, NULL, '2025-04-02 03:30:50', '2025-04-02 03:30:50'),
(44, 'S.F.2', 1, 0, NULL, '2025-04-02 03:31:01', '2025-04-02 03:31:01'),
(45, 'GB3', 1, 0, NULL, '2025-04-27 16:19:27', '2025-04-27 16:19:27'),
(47, 'fb3', 1, 0, NULL, '2025-04-27 16:32:54', '2025-04-27 16:32:54'),
(49, 'BALCONY', 1, 0, NULL, '2025-04-28 01:35:37', '2025-04-28 01:35:37'),
(50, 'GK3', 1, 0, NULL, '2025-05-02 16:06:09', '2025-05-02 16:06:09'),
(51, 'GK1', 1, 0, NULL, '2025-05-02 16:06:22', '2025-05-02 16:06:22'),
(52, 'GK2', 1, 0, NULL, '2025-05-02 16:06:34', '2025-05-02 16:06:34'),
(53, 'FM1', 1, 0, NULL, '2025-05-02 16:06:58', '2025-05-02 16:06:58'),
(54, 'FM2', 1, 0, NULL, '2025-05-02 16:07:08', '2025-05-02 16:07:08'),
(56, 'FM3', 1, 0, NULL, '2025-05-02 16:07:37', '2025-05-02 16:07:37'),
(57, 'FM4', 1, 0, NULL, '2025-05-02 16:07:47', '2025-05-02 16:07:47'),
(58, 'FF3', 1, 0, NULL, '2025-05-05 02:17:33', '2025-05-05 02:17:33'),
(59, 'FF4', 1, 0, NULL, '2025-05-05 02:17:46', '2025-05-05 02:17:46'),
(60, 'GF1', 1, 0, NULL, '2025-05-05 02:18:03', '2025-05-05 02:18:03'),
(61, 'GF2', 1, 0, NULL, '2025-05-05 02:18:21', '2025-05-05 02:18:21'),
(62, 'ra', 0, 0, NULL, '2025-05-07 08:12:31', '2025-05-07 08:12:31'),
(64, 'Rafik bhai Tailor', 1, 0, NULL, '2025-05-07 08:12:53', '2025-05-07 08:12:53'),
(69, 'test', 1, 1, '2025-08-27 04:37:21', '2025-08-27 09:59:40', '2025-08-27 09:59:40');

-- --------------------------------------------------------

--
-- Table structure for table `orders`
--

CREATE TABLE `orders` (
  `orders_id` int(11) NOT NULL,
  `name` varchar(255) DEFAULT NULL,
  `gst_type` enum('With GST','Without GST') NOT NULL DEFAULT 'Without GST',
  `party_id` int(11) NOT NULL,
  `ref_id` int(11) NOT NULL COMMENT 'this is reffrance id from party table id . ',
  `invoice_id` int(11) NOT NULL DEFAULT 1,
  `discount` int(11) NOT NULL DEFAULT 0,
  `created_at` datetime NOT NULL DEFAULT current_timestamp(),
  `updated_at` datetime NOT NULL DEFAULT current_timestamp()
) ENGINE=InnoDB DEFAULT CHARSET=utf8mb4 COLLATE=utf8mb4_general_ci;

--
-- Dumping data for table `orders`
--

INSERT INTO `orders` (`orders_id`, `name`, `gst_type`, `party_id`, `ref_id`, `invoice_id`, `discount`, `created_at`, `updated_at`) VALUES
(39, 'complex', 'Without GST', 1, 0, 1, 0, '2025-02-06 15:08:44', '2025-02-06 15:08:44'),
(40, 'masjid', 'Without GST', 2, 0, 2, 0, '2025-02-06 15:45:08', '2025-02-06 15:45:08'),
(41, 'tunky', 'Without GST', 12, 0, 1, 0, '2025-02-07 02:25:50', '2025-02-07 02:25:50'),
(43, 'RAFIK SANGLA', 'Without GST', 13, 0, 2, 0, '2025-02-07 14:45:54', '2025-02-07 14:45:54'),
(45, 'basu', 'Without GST', 14, 0, 3, 0, '2025-02-12 15:43:36', '2025-02-12 15:43:36'),
(47, 'FALJI BHAI', 'Without GST', 15, 0, 3, 0, '2025-02-14 14:27:56', '2025-02-14 14:27:56'),
(49, '3/4 QOUTETION', 'Without GST', 16, 16, 2, 0, '2025-02-24 01:36:58', '2025-02-24 01:36:58'),
(50, 'DOMAL QOUTETION', 'Without GST', 17, 17, 2, 0, '2025-03-02 11:54:46', '2025-03-02 11:54:46'),
(51, 'DOMAL QOUTETION', 'Without GST', 18, 0, 2, 0, '2025-03-14 13:59:59', '2025-03-14 13:59:59'),
(53, 'DOMAL WITH GRILL', 'Without GST', 19, 19, 2, 0, '2025-03-20 12:14:40', '2025-03-20 12:14:40'),
(54, 'DOMAL QOUTETION', 'Without GST', 20, 23, 2, 0, '2025-03-26 13:16:06', '2025-03-26 13:16:06'),
(62, 'domal qoutetion', 'Without GST', 26, 28, 2, 0, '2025-04-28 01:34:48', '2025-04-28 01:34:48'),
(63, 'TOUGHAN QOUTETION', 'Without GST', 33, 28, 2, 0, '2025-04-29 02:01:26', '2025-04-29 02:01:26'),
(64, 'WITH GRILL QOUTETION', 'Without GST', 45, 45, 2, 0, '2025-05-02 16:05:27', '2025-05-02 16:05:27'),
(65, 'RAILING QOUTETION', 'Without GST', 49, 28, 2, 0, '2025-05-05 02:27:36', '2025-05-05 02:27:36'),
(66, 'CARDINAL QOUTETION', 'Without GST', 91, 92, 2, 0, '2025-05-23 02:29:32', '2025-05-23 02:29:32'),
(67, 'DOMAL QOUTETION', 'Without GST', 93, 10, 2, 0, '2025-05-23 03:03:25', '2025-05-23 03:03:25'),
(68, 'DOMAL QOUTETION', 'Without GST', 94, 24, 1, 0, '2025-05-29 16:26:01', '2025-05-29 16:26:01'),
(69, 'WITH GRILL QOUTETION', 'Without GST', 96, 24, 1, 0, '2025-05-29 17:19:03', '2025-05-29 17:19:03'),
(70, 'GULF SERIES ', 'Without GST', 97, 24, 1, 0, '2025-05-31 05:54:09', '2025-05-31 05:54:09'),
(72, 'TOUGHAN ', 'Without GST', 99, 28, 1, 0, '2025-06-01 15:09:01', '2025-06-01 15:09:01'),
(73, 'REGULAR', 'Without GST', 101, 102, 1, 0, '2025-06-05 14:24:02', '2025-06-05 14:24:02'),
(74, 'DOMAL QOUTETION', 'Without GST', 101, 102, 1, 0, '2025-06-05 14:35:55', '2025-06-05 14:35:55'),
(77, 'test', 'Without GST', 1, 0, 1, 0, '2025-07-09 06:59:52', '2025-07-09 06:59:52'),
(78, 'DOMAL QOUTETION', 'Without GST', 103, 28, 1, 0, '2025-07-09 07:12:21', '2025-07-09 07:12:21'),
(81, 'DOMAL QOUTETION', 'Without GST', 103, 28, 1, 0, '2025-07-09 07:21:30', '2025-07-09 07:21:30'),
(82, 'DOMAL QOUTETION', 'Without GST', 105, 106, 1, 0, '2025-07-09 14:52:03', '2025-07-09 14:52:03'),
(83, '1.2MM DOMAL', 'Without GST', 105, 106, 1, 0, '2025-07-09 14:55:39', '2025-07-09 14:55:39'),
(84, 'DOMAL QOUTETION', 'Without GST', 107, 108, 1, 0, '2025-07-14 06:14:33', '2025-07-14 06:14:33'),
(85, 'HOTEL QOUTETION', 'Without GST', 110, 106, 1, 0, '2025-07-17 13:04:40', '2025-07-17 13:04:40'),
(86, 'DOMAL QOUTETION', 'Without GST', 1, 2, 1, 0, '2025-07-17 13:12:54', '2025-07-17 13:12:54'),
(87, 'FATTEHGADH', 'Without GST', 111, 113, 1, 0, '2025-07-17 13:39:14', '2025-07-17 13:39:14'),
(89, 'DOMAL QOUTETION', 'With GST', 114, 108, 1, 0, '2025-07-21 12:50:04', '2025-07-21 12:50:04'),
(92, 'BUNGLOWS QOUTETION', 'Without GST', 115, 113, 2, 0, '2025-08-03 15:50:59', '2025-08-03 15:50:59');

-- --------------------------------------------------------

--
-- Table structure for table `party`
--

CREATE TABLE `party` (
  `party_id` int(11) NOT NULL,
  `name` varchar(100) NOT NULL,
  `address` text NOT NULL,
  `contact` bigint(20) NOT NULL,
  `email` text NOT NULL,
  `status` tinyint(1) NOT NULL DEFAULT 1,
  `is_deleted` tinyint(1) NOT NULL DEFAULT 0,
  `created_at` datetime NOT NULL DEFAULT current_timestamp(),
  `updated_at` datetime NOT NULL DEFAULT current_timestamp(),
  `deleted_at` datetime DEFAULT NULL
) ENGINE=InnoDB DEFAULT CHARSET=utf8mb4 COLLATE=utf8mb4_general_ci;

--
-- Dumping data for table `party`
--

INSERT INTO `party` (`party_id`, `name`, `address`, `contact`, `email`, `status`, `is_deleted`, `created_at`, `updated_at`, `deleted_at`) VALUES
(1, 'sultanbhai dayla(complex)', 'At post Gujarat , Basu', 9898184357, '', 1, 0, '2024-09-13 04:19:23', '2024-09-13 04:19:23', NULL),
(2, 'mumanvas masjid', 'ahmadpura,mumanvas', 9898972151, '', 0, 0, '2024-09-18 14:28:48', '2024-09-18 14:28:48', NULL),
(5, 'Afjal bhai Sherpura', 'sherpura', 9824528608, '', 0, 0, '2024-10-01 06:51:57', '2024-10-01 06:51:57', NULL),
(6, 'Zaidbhai Fatawat', 'Basu', 8141633626, '', 1, 0, '2024-12-28 10:18:21', '2024-12-28 10:18:21', NULL),
(7, 'Moshin Malpura', 'Madediya vas , Basu', 9909736139, '', 1, 0, '2025-02-01 04:43:23', '2025-02-01 04:43:23', NULL),
(8, 'Abid Bhai', 'majadar', 9724562664, '', 0, 1, '2025-02-01 05:05:47', '2025-02-01 05:05:47', '2025-08-27 03:41:53'),
(9, 'SAJID BHAI', 'BASU', 9999923145, '', 1, 0, '2025-02-04 16:48:11', '2025-02-04 16:48:11', NULL),
(12, 'mehfuz bhai', 'tenivada', 98245, '', 1, 0, '2025-02-07 02:20:08', '2025-02-07 02:20:08', NULL),
(13, 'RAJIYA BAI', 'LEBALPURA ,BASU', 7043527005, '', 1, 0, '2025-02-07 14:44:07', '2025-02-07 14:44:07', NULL),
(14, 'sahid bhai', 'basu', 97, '', 1, 0, '2025-02-12 15:37:23', '2025-02-12 15:37:23', NULL),
(15, 'bharat bhai tharad', 'tharad', 9137511252, '', 1, 0, '2025-02-14 14:22:04', '2025-02-14 14:22:04', NULL),
(16, 'HUSEN BHAI DAVDA', 'Madediya vas , Basu', 9586588651, '', 1, 0, '2025-02-23 16:13:37', '2025-02-23 16:13:37', NULL),
(17, 'KAJIM BHAI META', 'META', 9879126488, '', 1, 0, '2025-03-02 11:40:48', '2025-03-02 11:40:48', NULL),
(18, 'zulfikarbhai milmalik', 'nava chora,basu', 9867440322, '', 1, 0, '2025-03-14 13:11:57', '2025-03-14 13:11:57', NULL),
(19, 'IRSHAD BHAI LORIYA', 'MADEDIYA VAS', 9033440069, '', 1, 0, '2025-03-20 12:00:08', '2025-03-20 12:00:08', NULL),
(20, 'KRISHNA BHAI GUPTA', 'PALANPUR', 9429407190, '', 1, 0, '2025-03-26 13:03:48', '2025-03-26 13:03:48', NULL),
(23, 'SANJAY BHAI ARCHITECT', 'PALANPUR', 7861983268, 'SADDAMBADHARA456@GMAIL.COM', 1, 0, '2025-03-26 13:05:51', '2025-03-26 13:05:51', NULL),
(24, 'NADEEM BHAI ARCHITECT', 'CHHAPI', 8460050054, '', 1, 0, '2025-04-02 03:23:17', '2025-04-02 03:23:17', NULL),
(25, 'DR.MANISH BHAI MAHESHWARI', 'PALANPUR', 9723505728, '', 1, 0, '2025-04-02 03:24:23', '2025-04-02 03:24:23', NULL),
(26, 'rahul bhai (govinda society)', 'jagana', 7990283271, '', 1, 0, '2025-04-27 16:06:31', '2025-04-27 16:06:31', NULL),
(28, 'sahadbhai architect', 'chhapi', 982, '', 1, 0, '2025-04-27 16:09:08', '2025-04-27 16:09:08', NULL),
(33, 'JAVID BHAI', 'CHHAPI', 9820115050, '', 1, 0, '2025-04-29 01:52:06', '2025-04-29 01:52:06', NULL),
(44, 'Sahidbhai', 'BASU', 9724565626, '', 1, 0, '2025-05-02 16:00:20', '2025-05-02 16:00:20', NULL),
(45, 'Mukhtar bhai badarpura', 'BASU', 9824405468, '', 1, 0, '2025-05-02 16:01:32', '2025-05-02 16:01:32', NULL),
(49, 'ASIFBHAI KOJAR', 'PIROJPURA', 9913618902, '', 1, 0, '2025-05-05 02:19:21', '2025-05-05 02:19:21', NULL),
(91, 'SADIKBHAI MAHI', 'MAHI', 9920280862, '', 1, 0, '2025-05-23 02:11:11', '2025-05-23 02:11:11', NULL),
(92, 'VASIMBHAI ARCHITECT', 'CHHAPI', 8320997648, '', 1, 0, '2025-05-23 02:12:08', '2025-05-23 02:12:08', NULL),
(93, 'MUSTAKBHAI PIROJPURA', 'PIROJPURA', 9979633546, '', 1, 0, '2025-05-23 02:37:32', '2025-05-23 02:37:32', NULL),
(94, 'ABID BHAI KAKOSHI', 'KAKOSHI', 7016595575, '', 1, 0, '2025-05-29 16:03:35', '2025-05-29 16:03:35', NULL),
(96, 'ARBAJ BHAI CHADOTAR', 'CHADOTAR', 8320602552, '', 1, 0, '2025-05-29 17:07:24', '2025-05-29 17:07:24', NULL),
(97, 'DHAVAL BHAI JAGANA', 'JAGANA ', 7069992008, '', 1, 0, '2025-05-31 05:22:25', '2025-05-31 05:22:25', NULL),
(98, 'TARAPUR HOTEL', 'TARAPUR', 9974487208, '', 1, 0, '2025-05-31 08:50:29', '2025-05-31 08:50:29', NULL),
(99, 'VARDHMAN BUNGLOWS', 'PALANPUR', 7861983278, '', 1, 0, '2025-06-01 14:59:11', '2025-06-01 14:59:11', NULL),
(101, 'ahmad bhai', 'sherpura', 9725028048, '', 1, 0, '2025-06-05 14:07:57', '2025-06-05 14:07:57', NULL),
(102, 'casa architect', 'CHHAPI', 9601605168, '', 1, 0, '2025-06-05 14:09:06', '2025-06-05 14:09:06', NULL),
(103, 'mohammad bhai bhagal', 'bhagal', 7977862001, '', 1, 0, '2025-07-09 06:19:03', '2025-07-09 06:19:03', NULL),
(105, 'BHARUCH HOTEL', 'BHARUCH', 8141645678, '', 1, 0, '2025-07-09 14:42:53', '2025-07-09 14:42:53', NULL),
(106, 'MOHSIN BHAI ARCHITECT', 'BHARUCH', 9925914513, '', 1, 0, '2025-07-09 14:47:59', '2025-07-09 14:47:59', NULL),
(107, 'IDRIS BHAI BADHARA', 'BASU', 9653271862, '', 1, 0, '2025-07-14 05:55:40', '2025-07-14 05:55:40', NULL),
(108, 'REHMAT BHAI ARCHITECT', 'CHHAPI', 9662942945, '', 1, 0, '2025-07-14 05:56:37', '2025-07-14 05:56:37', NULL),
(110, 'DADAR  HOTEL', 'DADAR', 8758301964, '', 1, 0, '2025-07-17 12:32:39', '2025-07-17 12:32:39', NULL),
(111, 'SABIR BHAI SELIYA', 'FATTEHGADH', 9819911533, '', 1, 0, '2025-07-17 13:32:22', '2025-07-17 13:32:22', NULL),
(113, 'FINE ALUMINIUM SYSTEM', 'BASU', 9714752626, '', 1, 0, '2025-07-17 13:34:44', '2025-07-17 13:34:44', NULL),
(114, 'YUNUS BHAI BADHRA', 'BASU', 9879698973, '', 1, 0, '2025-07-21 11:41:42', '2025-07-21 11:41:42', NULL),
(115, 'MO.HUSEN BHAI C.A.', 'BASU', 9920078244, '', 1, 0, '2025-08-03 15:14:50', '2025-08-03 15:14:50', NULL);

-- --------------------------------------------------------

--
-- Table structure for table `price`
--

CREATE TABLE `price` (
  `price_id` int(11) NOT NULL,
  `from_sqft` int(4) NOT NULL,
  `to_sqft` int(4) NOT NULL,
  `price` float(15,2) NOT NULL,
  `created_at` datetime NOT NULL DEFAULT current_timestamp(),
  `updated_at` datetime NOT NULL DEFAULT current_timestamp(),
  `status` tinyint(1) NOT NULL DEFAULT 1
) ENGINE=InnoDB DEFAULT CHARSET=utf8mb4 COLLATE=utf8mb4_general_ci;

--
-- Dumping data for table `price`
--

INSERT INTO `price` (`price_id`, `from_sqft`, `to_sqft`, `price`, `created_at`, `updated_at`, `status`) VALUES
(1, 1, 9, 350.00, '2024-08-13 16:56:32', '2024-08-13 16:56:32', 1),
(2, 10, 12, 500.00, '2024-08-13 17:08:02', '2024-08-13 17:08:02', 1),
(3, 13, 16, 650.00, '2024-08-13 17:08:44', '2024-08-13 17:08:44', 1),
(4, 17, 20, 700.00, '2024-08-13 17:08:57', '2024-08-13 17:08:57', 1),
(6, 21, 25, 1150.00, '2024-08-21 16:04:23', '2024-08-21 16:04:23', 1);

-- --------------------------------------------------------

--
-- Table structure for table `product`
--

CREATE TABLE `product` (
  `product_id` int(11) NOT NULL,
  `name` varchar(200) NOT NULL,
  `price` decimal(15,2) DEFAULT NULL,
  `status` tinyint(1) NOT NULL DEFAULT 1,
  `is_deleted` tinyint(1) NOT NULL DEFAULT 0,
  `created_at` datetime NOT NULL DEFAULT current_timestamp(),
  `updated_at` datetime NOT NULL DEFAULT current_timestamp(),
  `deleted_at` datetime DEFAULT NULL
) ENGINE=InnoDB DEFAULT CHARSET=utf8mb4 COLLATE=utf8mb4_general_ci;

--
-- Dumping data for table `product`
--

INSERT INTO `product` (`product_id`, `name`, `price`, `status`, `is_deleted`, `created_at`, `updated_at`, `deleted_at`) VALUES
(1, '3-track ', 250.00, 1, 0, '2024-09-13 04:23:37', '2024-09-13 04:23:37', NULL),
(4, '27mm domal 3 Track ( Color PEF Coating ,10 Years Warranty , Aluminium VITCO , Glass 5 MM Reflective, Assecaries Premium)', 10.00, 0, 0, '2024-09-15 11:15:04', '2024-09-15 11:15:04', NULL),
(5, ' 4 Track ', 10.00, 0, 1, '2024-12-28 10:21:40', '2024-12-28 10:21:40', '2025-08-27 04:20:37'),
(6, 'Color PF Coating', 10.00, 1, 0, '2025-01-29 21:10:10', '2025-01-29 21:10:10', NULL),
(7, ' Glass 5MM Reflective', 32.15, 1, 0, '2025-01-29 21:10:23', '2025-01-29 21:10:23', '2025-08-27 04:15:27'),
(8, '2 Track', 10.00, 1, 0, '2025-01-29 21:10:42', '2025-01-29 21:10:42', NULL),
(9, '37/18 MM ', 10.00, 1, 0, '2025-02-01 04:46:31', '2025-02-01 04:46:31', NULL),
(10, '27mm Domal 2-track,Aluminium-aloid,color-p.e.f. coating jotun,glass-5mm reflactive,rubber-epdm,full keat accesories for premium.', 10.00, 1, 0, '2025-02-04 16:01:29', '2025-02-04 16:01:29', NULL),
(11, '27mm Domal 3-track(3-glass shutter)', 10.00, 1, 0, '2025-02-04 16:06:02', '2025-02-04 16:06:02', NULL),
(12, '2.5*1 molding door(material-1.5mm,seat-acp 3.5mm,accesories-regular).', 10.00, 1, 0, '2025-02-04 16:08:22', '2025-02-04 16:08:22', NULL),
(13, 'Molding mittorbox', 10.00, 1, 0, '2025-02-04 16:08:57', '2025-02-04 16:08:57', NULL),
(14, 'Mosquito net(s.s. 304,heavy gaje wire)', 10.00, 1, 0, '2025-02-04 16:10:34', '2025-02-04 16:10:34', NULL),
(15, 'Glezing elevation(2.5*1.5 framing,glass-5mm reflactive,silicone-natural plus dowsil)', 10.00, 1, 0, '2025-02-04 16:13:05', '2025-02-04 16:13:05', NULL),
(16, '50*50mm Top railing(color-p.e.f. coating jotun,glass-12mm plain tughen)', 10.00, 1, 0, '2025-02-04 16:15:33', '2025-02-04 16:15:33', NULL),
(17, '2*1.5 pipe lowers elevation,1.5 inch gape', 10.00, 1, 0, '2025-02-04 16:16:41', '2025-02-04 16:16:41', NULL),
(18, '3/4 2-TRACK SLIDING\r\n(MATERIAL-1.2MM,COLOR-ANODISE,GLASS-5MM BLACK FIGURE,BEARING-TEFFLON,RUBBER-BLACK SEMI EPDM)', 10.00, 1, 0, '2025-02-07 14:50:17', '2025-02-07 14:50:17', NULL),
(19, '27MM DOMAL 3-TRACK\r\n(2-GLASS SHUTTER+1-MOSQUITO SHUTTER)\r\nALUMINIUM;ALOID,COLOR-P.E.F. COATING JOTUN GREY,GLASS-5MM REFLACTIVE,RUBBER-EPDM', 10.00, 0, 0, '2025-02-14 14:25:07', '2025-02-14 14:25:07', NULL),
(20, '27MM DOMAL 3-TRACK(3-GLASS SHUTTER,ALUMINIUM-ALOID,COLOR-P.E.F.COATING JOTUN,GLASS-5MM REFLACTIVE,RUBBER-EPDM,SCREW-S.S..)', 10.00, 1, 0, '2025-02-23 16:21:30', '2025-02-23 16:21:30', NULL),
(21, '27MM DOMAL 3-TRACK(2-GLASS SHUTTER+1-MOSQUITO SHUTTER,ALUMINIUM-ALOID,COLOR-P.E.F. COATING,GLASS-5MM REFLACTIVE,RUBBER-EPDM,SCREW-S,S,)', 10.00, 1, 0, '2025-02-23 16:23:40', '2025-02-23 16:23:40', NULL),
(22, '27MM DOMAL 3-TRACK(3-GLASS SHUTTER,ALUMINIUM-ALOID,COLOR-P.E.F.COATING,GLASS-5MM REFLACTIVE,RUBBER-E.P.D.M.,SCREW-S.S.,FULL KEAT ACCESORIES)', 10.00, 1, 0, '2025-02-23 16:28:54', '2025-02-23 16:28:54', NULL),
(23, 'R-40MM CASEMENT FIX GLASS', 10.00, 1, 0, '2025-02-23 16:44:03', '2025-02-23 16:44:03', NULL),
(24, 'PROFILE OPENABLE(COLOR-P.E.F. COATING)', 10.00, 1, 0, '2025-02-24 01:25:27', '2025-02-24 01:25:27', NULL),
(25, '3/4 3-TRACK SLIDING(MATERIAL-1.2MM,COLOR-ANODISE,GLASS-5MM PLAIN,BEARING-TEFFLON,RUBBER-SEMI EPDM)', 10.00, 1, 0, '2025-02-24 01:38:40', '2025-02-24 01:38:40', NULL),
(26, 'OPENABLE', 10.00, 1, 0, '2025-02-24 01:52:06', '2025-02-24 01:52:06', NULL),
(27, 'LOWERS (SUNWEAL)', 10.00, 1, 0, '2025-02-24 01:52:29', '2025-02-24 01:52:29', NULL),
(28, 'R-40MM OPENABLE (BUT HINGES-HIVIK,COCKSPARE HANDLE,EPDM RUBBER,5MM REFLECTIVE GLASS)', 10.00, 1, 0, '2025-03-02 11:56:36', '2025-03-02 11:56:36', NULL),
(29, '2.5*1 MOLDING OPENABLE(REGULAR)', 10.00, 1, 0, '2025-03-02 12:00:06', '2025-03-02 12:00:06', NULL),
(30, 'EXASFAN FRAME(COLOR-P.E.F. COATING)\r\nWIDHOUT EXASFAN', 10.00, 1, 0, '2025-03-02 12:04:06', '2025-03-02 12:04:06', NULL),
(31, '27MM DOMAL 3-TRACK(2 GLASS SHUTTER+1 MOSQUITO SHUTTER) ALUMINIUM-ALOID,COLOR-WOODEN FIGURE,GLASS-5MM REFLECTIVE,RUBBER-EPDM,SCREW-S.S.', 10.00, 1, 0, '2025-03-14 13:15:03', '2025-03-14 13:15:03', NULL),
(32, '27MM DOMAL 3-TRACK(3-GLASS SHUTTER) ALUMINIUM-ALOID,COLOR-WOODEN FIGURE,\r\nRUBBER-EPDM,SCREW-S.S.', 10.00, 1, 0, '2025-03-14 13:16:50', '2025-03-14 13:16:50', NULL),
(33, '3*1 FRAME DOOR(MATERIAL-1.5MM,COLOR-WOODEN FIGURE,SEAT-APP 3.5MM,ACCESORIES-REGULAR,SCREW-S.S.)', 10.00, 1, 0, '2025-03-14 14:01:46', '2025-03-14 14:01:46', NULL),
(34, 'PLATED MOSQUITO NET. (COLOR-WOODEN FIGURE)', 10.00, 1, 0, '2025-03-14 14:09:30', '2025-03-14 14:09:30', NULL),
(35, '27MM DOMAL 3-TRACK WITH GRILL(3-GLASS SHUTTER)\r\n(ALUMINIUM-ALOID,COLOR-P.E.F. COATING,GLASS-5MM REFLACTIVE,RUBBER-EPDM,SCREW-S.S.,LOKHAND ROD-16MM POLISH)', 10.00, 1, 0, '2025-03-20 12:02:46', '2025-03-20 12:02:46', NULL),
(36, '2.5*1 MOLDING DOOR(MATERIAL-1.5MM,COLOR-P.E.F.COATING,SEAT-ACP 3.5MM,ACCESORIES-REGULAR)', 10.00, 1, 0, '2025-03-20 12:05:19', '2025-03-20 12:05:19', NULL),
(37, 'PLATED MOSQUITO NET(COLOR-P.E.F. COATING)', 10.00, 1, 0, '2025-03-20 12:06:01', '2025-03-20 12:06:01', NULL),
(39, '3MM DHAR PROFILE(COLOR-BLACK,GLASS-5MM SMOKE)', 10.00, 1, 0, '2025-03-20 12:07:04', '2025-03-20 12:07:04', NULL),
(40, '40MM RAILING(COLOR-P.E.F. COATING,GLASS-12MM PLAIN TOUGHAN)', 10.00, 1, 0, '2025-03-20 12:07:54', '2025-03-20 12:07:54', NULL),
(41, '50MM SLIDING FOLDING 3-SUTTER(MATERIAL-1.5MM,GLASS-5MM REFLACTIVE,COLOR-P.E.F.COATING,ACCESORIES-STANDARD,)', 10.00, 1, 0, '2025-03-25 13:59:04', '2025-03-25 13:59:04', NULL),
(43, '27MM DOMAL 3-TRACK(2-GLASS+1 MOSQUITO)(1.5MM-ALOID SECTION,COLOR-P.E.F. COATING,GLASS-5MM REFLACTIVE,SCREW-S.S.,MOSQUETO NET.-S.S.304,RUBBER-EPDM,6INCH CONCEALED LOCK,BEARING-2+2 TEFFLON)', 10.00, 1, 0, '2025-04-02 03:15:14', '2025-04-02 03:15:14', NULL),
(44, '40MM CASEMENT OPENABLE(COLOR-P.E.F. COATING,GLASS-CLEAR,SINGLE POINT LOCKING SYSTEM,BLACK BUTT HINGES,EPDM RUBBER)', 10.00, 1, 0, '2025-04-02 03:18:18', '2025-04-02 03:18:18', NULL),
(45, '2*1 EXASFAN FRAME +VELTINATION(LOWERS-BLACK SUNVEAL,4MM BAJRI GLASS)WIDHOUT-EXASFAN', 10.00, 1, 0, '2025-04-02 03:21:14', '2025-04-02 03:21:14', NULL),
(46, '40MM CASEMENT FIX(GLASS-5MM CLEAR,RUBBER-EPDM)', 10.00, 1, 0, '2025-04-02 03:22:21', '2025-04-02 03:22:21', NULL),
(47, '12MM PLAIN TOUGHAN+UP AND DOWN GLEZING FITTING', 10.00, 1, 0, '2025-04-29 01:49:06', '2025-04-29 01:49:06', NULL),
(48, '27MM DOMAL 2-TRACK WITH GRILL(ALUMINIUM-ALOID,COLOR-P.E.F. COATING,GLASS-5MM REFLECTIVE,RUBBER-EPDM,BEARING-TEFFLON,LOKHAND ROD-16MM POLISH)', 10.00, 1, 0, '2025-05-02 16:12:05', '2025-05-02 16:12:05', NULL),
(49, '40MM CASEMENT OPENABLE WITH GRILL(COLOR-P.E.F. COATING,GLASS-5MM REFLECTIVE,RUBBER-EPDM,ACCESORIES-CONCEAL)', 10.00, 1, 0, '2025-05-02 16:13:44', '2025-05-02 16:13:44', NULL),
(50, 'RAILING (40MM TOP PIPE+HALF ROUND BOTTOM PIPE HEAVY,GLASS-12MM PLAIN TOUGHAN,COLOR-P.E.F.COATING)', 10.00, 1, 0, '2025-05-05 02:15:06', '2025-05-05 02:15:06', NULL),
(51, 'RAILING (22M TOP RAILING PIPE+BOTTOM PIPE HEAVY,12MM TOUGHAN GLASS)', 10.00, 1, 0, '2025-05-05 02:16:18', '2025-05-05 02:16:18', NULL),
(52, '29MM CARDINAL 3-TRACK WITH GRILL\r\nCOLOR-P.E.F. COATING\r\nGLASS-5MM REFLACTIVE\r\nRUBBER-EPDM\r\nLOKHAND ROD-19MM POLISH', 10.00, 1, 0, '2025-05-23 02:05:44', '2025-05-23 02:05:44', NULL),
(53, '29MM CARDINAL 3-TRACK\r\n(3-GLASS SHUTTER+1-MOSQUITO SHUTTER)\r\nCOLOR-P.E.F. COATING\r\nGLASS-5MM REFLECTIVE\r\nRUBBER-EPDM\r\nSCREW-S.S.\r\n', 10.00, 1, 0, '2025-05-23 02:07:47', '2025-05-23 02:07:47', NULL),
(54, '40MM FRAME ELEVATION GLASS\r\nCOLOR-P.E.F. COATING', 10.00, 1, 0, '2025-05-23 02:08:33', '2025-05-23 02:08:33', NULL),
(55, '40MM CASEMENT WITH GRILL\r\n(ALUMINIUM-ALOID,COLOR-P.E.F. COATING JOTUN,GLASS-5MM CLEAR,SINGLE PONT LOCKING SYSTEM,,M.S. POLISH ROD-16MM,', 10.00, 1, 0, '2025-05-29 17:10:11', '2025-05-29 17:10:11', NULL),
(56, '31MM GULF SLIDER SERIES\r\n2-TRACK (2 GLASS SHUTTER)\r\n(ALUMINIUM-ALOID,COLOR-P.E.F. COATING JOTUN,GLASS-5MM CLEAR,MULTIPOINT LOCKING SYSTEM  METRO LOCK)', 10.00, 1, 0, '2025-05-31 05:25:39', '2025-05-31 05:25:39', NULL),
(57, '31MM GULF SLIDER SYSTEM\r\n2-TRACK(2 GLASS SHUTTER)\r\n(ALUMINIUM-ALOID,COLOR-WOODEN FIGURE,GLASS-5MM CLEAR,MULTI POINT LOKING SYSTEM METRO LOCK)', 10.00, 1, 0, '2025-05-31 05:32:02', '2025-05-31 05:32:02', NULL),
(58, '35MM HIGH END SERIES\r\n2 TRACK (2 GLASS SHUTTER)\r\n(ALUMINIUM-ALOID,COLOR-WOODEN FIGURE,GLASS-8M CLEAR,MULTI POINT LOKING SYSTEM)', 10.00, 1, 0, '2025-05-31 05:36:04', '2025-05-31 05:36:04', NULL),
(59, '50MM SLIDING FOLDING SERIES\r\n(3+1 SUTTER OPENING)\r\n(ALUMINIUM-ALOID,COLOR-WODDEN FIGURE,GLASS-8MM CLEAR)', 10.00, 1, 0, '2025-05-31 05:39:28', '2025-05-31 05:39:28', NULL),
(60, '50MM CASEMENT SYSTEM FIX PARTETION\r\n(COLOR-WOODEN FIGURE,GLASS-8MM CLEAR)', 10.00, 1, 0, '2025-05-31 05:41:10', '2025-05-31 05:41:10', NULL),
(61, '40MM CASEMENT OPENABLE\r\n(70% FIX+30% OPENABLE)\r\n(ALUMINIUM-ALOID,COLOR-P.E.F. COATING JOTUN,GLASS-5MM REFLECTIVE,RUBBER-EPDM,SINGLE POINT LOCKING SYSTEM)', 10.00, 1, 0, '2025-05-31 08:55:58', '2025-05-31 08:55:58', NULL),
(62, '16MM SLIM TELESCOPE SLIDING \r\n(3+1 SHUTTER)\r\nGLASS-8MM FLUTED', 10.00, 1, 0, '2025-06-01 15:01:18', '2025-06-01 15:01:18', NULL),
(63, '12MM TOUGHAN FIX+SLIDER DOR', 10.00, 1, 0, '2025-06-01 15:02:11', '2025-06-01 15:02:11', NULL),
(64, '50MM SLIDING FOLDING\r\n(2+1 SHUTTER)\r\n(COLOR-WOODEN FIGURE,GLASS-8MM REFLECTIVE,SCREW-S.S.)', 10.00, 1, 0, '2025-06-05 14:12:56', '2025-06-05 14:12:56', NULL),
(65, '2*1 PLAIN EXASFAN FRAME\r\nCOLOR-WOODEN FIGURE\r\nGLASS-WHITE BAJRI\r\n', 10.00, 1, 0, '2025-06-05 14:14:01', '2025-06-05 14:14:01', NULL),
(66, 'S.S.304 MOSQUITO NET FRAME\r\nCOLOR-WOODEN FIGURE', 10.00, 1, 0, '2025-06-05 14:14:37', '2025-06-05 14:14:37', NULL),
(67, '37*18MM 2-TRACK REGULAR SLIDING\r\nCOLOR-P.E.F. COATING \r\nGLASS-5MM REFLECTIVE', 10.00, 1, 0, '2025-06-05 14:15:42', '2025-06-05 14:15:42', NULL),
(68, 'V-TYPE 12MM TOUGHAN PLAIN GLASS BRACKET FITTING', 10.00, 1, 0, '2025-07-09 06:21:13', '2025-07-09 06:21:13', NULL),
(69, '27MM DOMAL 2-TRACK\r\n(MATERIAL-1.5MM,COLOR-P.E.F. COATING 10 YEARS WARRANTY,GLASS-5MM REFLECTIVE,RUBBER-E.P.D.M,6\"CONCEAL LOCK)', 10.00, 1, 0, '2025-07-09 14:45:13', '2025-07-09 14:45:13', NULL),
(70, '27MM DOMAL 2-TRACK\r\n(MATERTIAL-1.2MM,COLOR-P.E.F.COATING,GLASS-REFLECTIVE,RUBBER-E.P.D.M.,CONCEAL-LOCK)', 200.00, 1, 0, '2025-07-09 14:46:29', '2025-07-09 14:46:29', NULL),
(71, '27MM DOMAL 4-TRACK WITH LEG\r\n(3-GLASS+1 MOSQUITO )\r\nNON JINDAL\r\n(MATERIAL-1.5MM,COLOR-JOTUN P.E.F. COATING,GLASS-11.52MM LEMINATE,MULTIPOINT LOKING SYSTEM,RUBBER-EPDM,SCREW-S.S.,BEARING-TEFFLON)', 10.00, 1, 0, '2025-07-14 05:59:54', '2025-07-14 05:59:54', NULL),
(72, '27MM DOMAL 4-TRACK WITH LEG\r\n(3 GLASS-1 MOSQUITO SHUTTER)\r\n(MATERIAL-1.5MM,COLOR-JOTUN 9016,GLASS-11.52MM LEMINATE,RUBBER-E.P.D.M.,MULTIPOINT LOKING SYSTEM,SCREW-S.S.,)', 10.00, 1, 0, '2025-07-14 06:05:36', '2025-07-14 06:05:36', NULL),
(73, '50MM SLIDING FOLDING\r\n(3+1 SHUTTER,GLASS-11.52MM PVB,COLOR-JOTUN 9016,)', 10.00, 1, 0, '2025-07-14 06:16:13', '2025-07-14 06:16:13', NULL),
(74, '3.25*1.5 PIPE DOOR\r\nCOLOR-P.E.F. COATING\r\nSEAT-APP 4MM,MORTISE HANDLE LOCK SYSTEM,S.S. SCREW,RUBBER-EPDM', 10.00, 1, 0, '2025-07-21 11:43:56', '2025-07-21 11:43:56', NULL),
(75, '2.5*1 MOLDING OPENABLE\r\n(SEAT-APP 4MM,COLOR-P.E.F. COATING)', 10.00, 1, 0, '2025-07-21 11:44:50', '2025-07-21 11:44:50', NULL),
(76, '5MM DHAR BLACK PROFILE\r\nGLASS-5MM SMOKE,AUTO HINGES-S.S.', 10.00, 1, 0, '2025-07-21 11:45:42', '2025-07-21 11:45:42', NULL),
(77, '2.5*1.5 FRAME GLEZING ELEVATION\r\n(GLASS-5MM SAFAYA ONEWAY,NATURAL PLUS SILICONE)', 10.00, 1, 0, '2025-07-21 11:48:18', '2025-07-21 11:48:18', NULL),
(78, '50MM TOP RAILING\r\nCOLOR-P.E.F. COATING\r\n(GLASS-12MM TOUGHAN PLAIN)', 10.00, 1, 0, '2025-07-21 11:49:46', '2025-07-21 11:49:46', NULL),
(79, 'SC95-38 SLIDING SYSTEM WINDOW\r\n3-TRACK SLIDING\r\nGLASS-5+18+5 D.G.U. PLAIN\r\n', 10.00, 1, 0, '2025-07-23 13:54:07', '2025-07-23 13:54:07', NULL),
(80, 'SC95-38 SOUND PROOF WINDOW\r\n2-TRACK SLIDING WINDOW\r\nD.G.U. GLASS-5+18+5\r\n', 10.00, 1, 0, '2025-07-23 13:55:35', '2025-07-23 13:55:35', NULL),
(81, '35*75MM DOMAL 3-TRACK\r\n(3-GLASS SHUTTER)\r\nCOLOR-P.E.F. COATING,GLASS-8MM PLAIN TOUGHAN,MULTI POINT LOKING SYSTEM,RUBBER-EPDM,BEARING-ADJUSTABLE,SCREW-S.S.', 10.00, 1, 0, '2025-08-03 15:20:31', '2025-08-03 15:20:31', NULL),
(82, '29*65MM CARDINAL SERIES 2-TRACK\r\nCOLOR-P.E.F. COATING,GLASS-8MM PLAIN TOUGHAN,MULTIPONT LOKING SYSTEM,RUBBER-EPDM,SCREW-S.S.', 10.00, 1, 0, '2025-08-03 15:23:37', '2025-08-03 15:23:37', NULL),
(83, '29*65MM CARDINAL SERIES 3-TRACK\r\n(3-GLASS SHUTTER)\r\nCOLOR-P.E.F. COATING,GLASS 8MM PLAIN TOUGHAN,RUBBER-EPDM,MULTIPOINT LOKING SYSTEM,SCREW-S.S.', 10.00, 1, 0, '2025-08-03 15:25:28', '2025-08-03 15:25:28', NULL),
(84, 'R-50MM OPENABLE\r\n(3+2 SUTTER+CENTER 1.5 FOOT FIX)\r\nCOLOR-P.E.F. COATING,GLASS-5MM TOUGHAN,MULTIPOINT LOKING SYSTEM,SCREW-S.S.)', 10.00, 1, 0, '2025-08-03 15:29:51', '2025-08-03 15:29:51', NULL),
(85, 'R-50MM CASEMENT FIX\r\n(4-PART FIX)\r\nCOLOR-P.E.F. COATING,GLASS-8MM PLAIN TOUGHAN', 10.00, 1, 0, '2025-08-03 15:31:11', '2025-08-03 15:31:11', NULL),
(86, 'RAILING\r\n50MM TOP PIPE+BOTTOM 68MM,COLOR-P.E.F. COATING,GLASS-12MM PLAIN TOUGHAN', 10.00, 1, 0, '2025-08-03 15:32:38', '2025-08-03 15:32:38', NULL),
(87, 'SIDI RAILING\r\nSTUDE+50MM RAILING TOP,GLASS-12MM PLAIN TOUGHAN', 10.00, 1, 0, '2025-08-03 15:35:41', '2025-08-03 15:35:41', NULL),
(97, 'Transport Charge', 100.00, 1, 0, '2025-09-07 10:48:51', '2025-09-07 10:48:51', NULL);

-- --------------------------------------------------------

--
-- Table structure for table `profile`
--

CREATE TABLE `profile` (
  `profile_id` int(11) NOT NULL,
  `name` varchar(100) NOT NULL,
  `contact` varchar(30) NOT NULL,
  `email` varchar(50) NOT NULL,
  `logo` varchar(100) NOT NULL,
  `terms_condition` text NOT NULL,
  `address` text NOT NULL
) ENGINE=InnoDB DEFAULT CHARSET=utf8mb4 COLLATE=utf8mb4_general_ci;

--
-- Dumping data for table `profile`
--

INSERT INTO `profile` (`profile_id`, `name`, `contact`, `email`, `logo`, `terms_condition`, `address`) VALUES
(1, 'Fine Aluminium System', '9824528608,9586588651', 'saddambadhara456@gmail.com', '1757223494_2fc86b6a409ecb532aa0.png', '1. After the material is ready, 25% payment will have to be made to the buyer upon receiving the material at the warehouse. <br>\r\n2. The remaining 25% payment will have to be made immediately after the installation is completed on the due date. <br>\r\n3. Subject to \'Delhi\' jurisdiction only. <br>', 'G-39, Opps. Ekta Hotel, Galaxy Complex, AHMEDABAD PALANPUR HIGHWAY, CHHAPI HIGHWAY ROAD\r\nB/H RAJOSNA BUS STEND, CHHAPI-385210 GUJARAT');

-- --------------------------------------------------------

--
-- Table structure for table `transaction`
--

CREATE TABLE `transaction` (
  `transaction_id` int(11) NOT NULL,
  `orders_id` int(11) NOT NULL,
  `frame_image_id` int(11) DEFAULT NULL,
  `location_id` varchar(255) DEFAULT NULL,
  `product_id` varchar(255) NOT NULL,
  `extra_product` varchar(255) DEFAULT NULL,
  `size1` varchar(255) NOT NULL COMMENT 'height',
  `size2` varchar(255) NOT NULL COMMENT 'width',
  `price` varchar(255) NOT NULL,
  `qty` varchar(255) NOT NULL,
  `total_price` int(11) NOT NULL,
  `created_at` datetime NOT NULL DEFAULT current_timestamp(),
  `updated_at` datetime NOT NULL DEFAULT current_timestamp(),
  `status` tinyint(1) NOT NULL DEFAULT 1
) ENGINE=InnoDB DEFAULT CHARSET=utf8mb4 COLLATE=utf8mb4_general_ci;

--
-- Dumping data for table `transaction`
--

INSERT INTO `transaction` (`transaction_id`, `orders_id`, `frame_image_id`, `location_id`, `product_id`, `extra_product`, `size1`, `size2`, `price`, `qty`, `total_price`, `created_at`, `updated_at`, `status`) VALUES
(13, 39, 0, '12,13,11', '10', '', '80,24,23', '80,48,90', '400,750,550', '2,4,5', 97700, '2025-02-06 15:08:44', '2025-02-06 15:08:44', 1),
(14, 40, 0, '12,13,8', '10', '', '36,39,38', '39,39,34', '2,3,1', '600,650,660', 35580, '2025-02-06 15:45:08', '2025-02-06 15:45:08', 1),
(15, 40, 0, '1', '4', '', '60', '60', '600', '3', 45000, '2025-02-06 15:45:08', '2025-02-06 15:45:08', 1),
(16, 40, NULL, '13', '8', '', '12', '12', '12', '2', 24, '2025-02-06 15:50:14', '2025-02-06 15:50:14', 1),
(18, 40, NULL, '13', '8', '', '12', '12', '12', '12', 144, '2025-02-06 15:52:50', '2025-02-06 15:52:50', 1),
(19, 40, NULL, '13', '7', '', '12', '12', '12', '12', 144, '2025-02-06 15:52:50', '2025-02-06 15:52:50', 1),
(20, 40, NULL, '13', '7', '', '12', '12', '12', '12', 144, '2025-02-06 15:52:50', '2025-02-06 15:52:50', 1),
(21, 40, NULL, '13', '5,7,8,17,12,10', '', '12', '12', '12', '12', 144, '2025-02-06 15:55:32', '2025-02-06 15:55:32', 1),
(22, 40, NULL, '12,13,11', '8,12,10', '', '12,12,12', '12,12,12', '12,12,12', '1,3,2', 72, '2025-02-06 15:57:03', '2025-02-06 15:57:03', 1),
(23, 41, 4, '12,13,11', '10', '', '30,30,30', '30,30,30', '400,400,400', '2,2,2', 14400, '2025-02-07 02:42:53', '2025-02-07 02:42:53', 1),
(24, 41, 5, '13,9,14', '4', '', '40,50,60', '40,50,60', '500,500,500', '2,2,2', 53000, '2025-02-07 03:01:10', '2025-02-07 03:01:10', 1),
(25, 41, 5, '12', '16', '', '33', '50', '1350', '1', 14850, '2025-02-07 03:04:45', '2025-02-07 03:04:45', 1),
(26, 41, 6, '1', '12', '', '29', '84', '270', '1', 4320, '2025-02-07 03:08:58', '2025-02-07 03:08:58', 1),
(27, 41, 0, '9', '14', '', '57', '10', '250', '4', 3000, '2025-02-07 03:20:19', '2025-02-07 03:20:19', 1),
(28, 43, 4, '12,8,17,16,15', '18', '', '45,51,48,33,45', '39,39,39,33,40', '370,370,370,370,370', '1,1,1,1,1', 21090, '2025-02-07 14:59:59', '2025-02-07 14:59:59', 1),
(29, 43, 6, '9,8,15', '12', '', '26,26,29', '77,77,74', '250,250,250', '1,1,2', 13500, '2025-02-07 15:15:57', '2025-02-07 15:15:57', 1),
(30, 43, 0, '15', '13', '', '29', '29', '390', '1', 1950, '2025-02-07 15:20:55', '2025-02-07 15:20:55', 1),
(31, 43, 0, '16', '14', '', '18', '18', '300', '1', 600, '2025-02-07 15:20:55', '2025-02-07 15:20:55', 1),
(32, 45, 4, '13', '10', '', '34', '34', '300', '2', 4818, '2025-02-12 15:43:36', '2025-02-12 15:43:36', 1),
(33, 45, 6, '11,13', '4', '', '39,36', '39,36', '350,350', '3,2', 17388, '2025-02-12 15:43:36', '2025-02-12 15:43:36', 1),
(37, 47, 5, '12,20,21,22,9,8,17,18,19', '19', '', '48,58,58,48,48,58,58,48,48', '42,46,46,30,48,48,48,42,30', '750,750,750,750,750,750,750,750,750', '1,1,1,1,1,1,1,1,1', 103500, '2025-02-14 14:59:44', '2025-02-14 14:59:44', 1),
(38, 47, NULL, '27', '15', '', '36', '115', '450', '1', 12600, '2025-02-14 14:59:44', '2025-02-14 14:59:44', 1),
(39, 47, 0, NULL, '14', '', '', '', '1550', '2', 3100, '2025-02-14 14:59:44', '2025-02-14 14:59:44', 1),
(45, 49, 0, '9,17', '25', '', '59,56', '44,46', '405,405', '1,1', 14175, '2025-02-24 01:51:45', '2025-02-24 01:51:45', 1),
(46, 49, 0, '9,10,18', '18', '', '47,48,48', '43,22,38', '370,370,370', '1,1,1', 12210, '2025-02-24 01:51:45', '2025-02-24 01:51:45', 1),
(47, 49, NULL, '15', '12', '', '30', '74', '270', '2', 8100, '2025-02-24 01:51:45', '2025-02-24 01:51:45', 1),
(48, 49, NULL, '15', '13', '', '30', '19', '430', '1', 1290, '2025-02-24 01:51:45', '2025-02-24 01:51:45', 1),
(49, 49, NULL, '15', '23', '', '24', '60', '420', '2', 8400, '2025-02-24 01:51:45', '2025-02-24 01:51:45', 1),
(50, 49, NULL, '12,11,20,21', '14', '', '12,12,13,14', '12,14,11,15', '410,410,410,410', '2,1,1,1', 2050, '2025-02-24 01:51:45', '2025-02-24 01:51:45', 1),
(51, 49, NULL, '17', '26', '', '31', '22', '430', '1', 1720, '2025-02-24 01:56:35', '2025-02-24 01:56:35', 1),
(52, 49, NULL, '17', '27', '', '14', '15', '600', '1', 600, '2025-02-24 01:56:35', '2025-02-24 01:56:35', 1),
(57, 50, 0, '33,12,9,8,17,32', '10', '', '39,38,69,48,69,48', '37,38,49,48,51,36', '505,505,505,505,505,505', '1,1,1,1,1,1', 47975, '2025-03-02 11:54:46', '2025-03-02 11:54:46', 1),
(58, 50, 0, '11', '4', '', '96', '100', '460', '1', 30360, '2025-03-02 11:54:46', '2025-03-02 11:54:46', 1),
(59, 50, 0, '27', '15', '', '33', '130', '420', '1', 12180, '2025-03-02 11:54:46', '2025-03-02 11:54:46', 1),
(60, 50, NULL, '18', '28', '', '36', '40', '770', '1', 7700, '2025-03-02 11:59:16', '2025-03-02 11:59:16', 1),
(61, 50, NULL, '20,21', '29', '', '25,21', '44,44', '530,530', '1,1', 6890, '2025-03-02 12:03:16', '2025-03-02 12:03:16', 1),
(62, 50, NULL, '28', '27', '', '18', '24', '350', '1', 1050, '2025-03-02 12:03:16', '2025-03-02 12:03:16', 1),
(63, 50, NULL, '28', '30', '', '18', '24', '760', '2', 4560, '2025-03-02 12:07:24', '2025-03-02 12:07:24', 1),
(64, 50, NULL, '28', '14', '', '18', '24', '180', '3', 1620, '2025-03-02 12:07:24', '2025-03-02 12:07:24', 1),
(65, 51, 0, '34,8', '31', '', '40,40', '48,48', '970,970', '1,1', 25220, '2025-03-14 13:59:59', '2025-03-14 13:59:59', 1),
(66, 51, 0, '8', '32', '', '60', '48', '970', '1', 19400, '2025-03-14 13:59:59', '2025-03-14 13:59:59', 1),
(67, 51, 0, '11,20', '33', '', '30,30', '73,77', '410,410', '1,1', 12710, '2025-03-14 14:08:45', '2025-03-14 14:08:45', 1),
(68, 51, NULL, '8', '27', '', '15', '15', '390', '3', 1170, '2025-03-14 14:08:45', '2025-03-14 14:08:45', 1),
(69, 51, NULL, '11,8', '14', '', '15,15', '20,15', '250,250', '3,3', 2250, '2025-03-14 14:08:45', '2025-03-14 14:08:45', 1),
(70, 51, NULL, '8', '34', '', '66', '48', '350', '1', 7700, '2025-03-14 14:10:16', '2025-03-14 14:10:16', 1),
(71, 53, 0, '9,8,18', '35', '', '52,68,58', '48.4,49,42.4', '950,950,950', '1,1,1', 54815, '2025-03-20 12:14:40', '2025-03-20 12:14:40', 1),
(72, 53, NULL, '37,15,35,27', '36', '', '30,29,27,38', '82,70,83,74', '320,320,320,320', '1,1,1,1', 21206, '2025-03-20 12:31:55', '2025-03-20 12:31:55', 1),
(73, 53, NULL, '37,9,10,15', '14', '', '20,20,21,8', '18,18,18,10', '190,190,190,190', '1,1,1,1', 1556, '2025-03-20 12:31:55', '2025-03-20 12:31:55', 1),
(74, 53, NULL, '37,9,10', '27', '', '20,20,21', '18,19,16', '290,290,290', '1,1,1', 2166, '2025-03-20 12:31:55', '2025-03-20 12:31:55', 1),
(75, 53, NULL, '8,17', '39', '', '36,15', '12,106', '780,780', '1,1', 10951, '2025-03-20 12:31:55', '2025-03-20 12:31:55', 1),
(76, 53, NULL, '27', '15', '', '39', '127', '360', '1', 12384, '2025-03-20 12:31:55', '2025-03-20 12:31:55', 1),
(77, 53, NULL, '27', '40', '', '78', '36', '1250', '1', 24375, '2025-03-20 12:31:55', '2025-03-20 12:31:55', 1),
(78, 53, NULL, '33', '13', '', '24', '40', '420', '1', 2801, '2025-03-20 12:31:55', '2025-03-20 12:31:55', 1),
(86, 53, NULL, '9,8', '37', '', '72,60', '48,48', '220,220', '1,1', 9680, '2025-03-26 12:57:53', '2025-03-26 12:57:53', 1),
(87, 53, NULL, '37', '14', '', '144', '108', '140', '1', 15120, '2025-03-26 12:57:53', '2025-03-26 12:57:53', 1),
(88, 54, 0, '12,11,20', '19', '', '58,70,33', '47,46,46', '660,660,660', '1,1,1', 33000, '2025-03-26 13:24:43', '2025-03-26 13:24:43', 1),
(89, 54, 0, '33,32', '10', '', '36,39', '45,46', '620,620', '1,1', 14260, '2025-03-26 13:24:43', '2025-03-26 13:24:43', 1),
(90, 54, 0, '33', '41', '', '75', '81', '850', '1', 35700, '2025-03-26 13:24:43', '2025-03-26 13:24:43', 1),
(91, 54, 0, '11,8', '27', '', '21,21', '21,18', '290,290', '1,1', 1450, '2025-03-26 13:24:43', '2025-03-26 13:24:43', 1),
(92, 54, 0, '11,8', '14', '', '21,21', '21,18', '190,190', '1,1', 950, '2025-03-26 13:24:43', '2025-03-26 13:24:43', 1),
(104, 62, NULL, '12,20,9,17,18', '19', '', '68,85,70,69,48', '57,80,58,57,39', '560,560,560,560,560', '1,1,1,1,1', 78960, '2025-04-28 01:58:49', '2025-04-28 01:58:49', 1),
(105, 62, NULL, '49,12,13,47,11,20,21,9,10,45', '44', '', '24,21,21,31,15,21,16,30,21,18', '57,56,57,57,57,57,57,55,58,58', '630,630,630,630,630,630,630,630,630,630', '1,1,1,1,1,1,1,1,1,1', 51660, '2025-04-28 01:58:49', '2025-04-28 01:58:49', 1),
(106, 62, NULL, '12,9', '45', '', '21,21', '21,20', '670,670', '1,1', 3350, '2025-04-28 01:58:49', '2025-04-28 01:58:49', 1),
(107, 62, NULL, '27', '46', '', '22', '55', '480', '1', 3840, '2025-04-28 01:58:49', '2025-04-28 01:58:49', 1),
(108, 62, NULL, '12,13,47,11,20,9,10,45', '37', '', '36,24,24,24,18,30,24,24', '60,60,60,60,60,60,60,60', '210,210,210,210,210,210,210,210', '1,1,1,1,1,1,1,1', 17640, '2025-04-28 01:58:49', '2025-04-28 01:58:49', 1),
(109, 62, NULL, '11,8', '14', '', '21,21', '21,21', '180,180', '1,1', 1080, '2025-04-28 01:58:49', '2025-04-28 01:58:49', 1),
(110, 63, NULL, '9,8,17', '47', '', '180,96,154', '84,84,78', '250,250,250', '1,1,1', 61000, '2025-04-29 02:01:26', '2025-04-29 02:01:26', 1),
(111, 63, NULL, '11', '10', '', '46', '53', '530', '2', 16960, '2025-04-29 02:01:26', '2025-04-29 02:01:26', 1),
(112, 63, NULL, '20', '4', '', '93', '53', '450', '1', 15300, '2025-04-29 02:01:26', '2025-04-29 02:01:26', 1),
(113, 63, NULL, '11', '37', '', '96', '54', '190', '1', 6840, '2025-04-29 02:01:26', '2025-04-29 02:01:26', 1),
(114, 63, NULL, '11', '45', '', '22', '21', '620', '1', 1860, '2025-04-29 02:01:26', '2025-04-29 02:01:26', 1),
(115, 63, NULL, '20', '14', '', '22', '21', '190', '1', 570, '2025-04-29 02:01:26', '2025-04-29 02:01:26', 1),
(116, 64, 0, '20,53,17,51,50', '48', '', '57,45,57,46,45', '49,41,50,45,46', '880,880,880,880,880', '1,3,1,1,1', 89760, '2025-05-02 16:30:58', '2025-05-02 16:30:58', 1),
(117, 64, 0, '12,20,9,17,51', '35', '', '69,57,69,77,63', '49,49,51,50,46', '950,950,950,950,950', '1,1,1,1,1', 106400, '2025-05-02 16:30:58', '2025-05-02 16:30:58', 1),
(118, 64, 0, '12,53,9', '49', '', '30,63,30', '49,62,51', '990,990,990', '1,1,1', 46530, '2025-05-02 16:30:58', '2025-05-02 16:30:58', 1),
(119, 64, 0, '27', '46', '', '28', '103', '480', '4', 38400, '2025-05-02 16:30:58', '2025-05-02 16:30:58', 1),
(120, 64, 0, '33', '13', '', '19', '59', '520', '1', 3640, '2025-05-02 16:30:58', '2025-05-02 16:30:58', 1),
(121, 64, 0, '12', '45', '', '21', '18', '725', '4', 5800, '2025-05-02 16:30:58', '2025-05-02 16:30:58', 1),
(122, 64, 0, '8', '14', '', '21', '18', '210', '6', 2520, '2025-05-02 16:30:58', '2025-05-02 16:30:58', 1),
(123, 64, 0, '8', '27', '', '18', '15', '420', '2', 840, '2025-05-02 16:30:58', '2025-05-02 16:30:58', 1),
(124, 65, NULL, '41,42,58,34,60,61', '50', '', '244,480,244,132,132,72', '36,36,36,36,36,36', '510,510,510,510,510,620', '1,1,1,1,1,1', 168240, '2025-05-05 02:27:36', '2025-05-05 02:27:36', 1),
(125, 66, 0, '20,17', '52', '', '62,62', '45,45', '1030,1030', '2,2', 78280, '2025-05-23 02:29:32', '2025-05-23 02:29:32', 1),
(126, 66, 0, '12,22,9,51', '53', '', '40,50,51,51', '46,38,46,35', '1210,1210,1210,1210', '2,2,2,2', 128260, '2025-05-23 02:29:32', '2025-05-23 02:29:32', 1),
(127, 66, 0, '27', '54', '', '36', '141', '480', '2', 33600, '2025-05-23 02:29:32', '2025-05-23 02:29:32', 1),
(128, 66, 0, '33,12,13,9', '45', '', '20,19,23,23', '20,21,23,21', '810,810,810,810', '2,2,2,2', 16200, '2025-05-23 02:29:32', '2025-05-23 02:29:32', 1),
(129, 66, 0, '33,12,13,9', '14', '', '20,19,23,23', '20,21,23,21', '220,220,220,220', '2,2,2,2', 4400, '2025-05-23 02:29:32', '2025-05-23 02:29:32', 1),
(130, 66, 0, '20,17', '37', '', '66,66', '48,48', '230,230', '2,2', 20240, '2025-05-23 02:29:32', '2025-05-23 02:29:32', 1),
(131, 67, 0, '11,20,9,10,8', '4', '', '81,68,70,70,81', '72,78,45,48,45', '660,660,660,660,660', '3,1,3,2,4', 240900, '2025-05-23 03:03:25', '2025-05-23 03:03:25', 1),
(132, 67, 0, '11,20,21,9,8', '10', '', '47,51,56,60,50', '45,42,42,42,45', '620,620,620,620,620', '4,1,2,1,1', 83080, '2025-05-23 03:03:25', '2025-05-23 03:03:25', 1),
(133, 67, 0, '20,17', '45', '', '21,21', '27,27', '590,590', '4,4', 14160, '2025-05-23 03:03:25', '2025-05-23 03:03:25', 1),
(134, 67, 0, '20,17', '14', '', '21,21', '27,27', '170,170', '4,4', 4080, '2025-05-25 03:03:25', '2025-05-23 03:03:25', 1),
(135, 68, 0, '41,58,59,11,20,21,60', '4', '', '73,91,61,68,73,68,67', '45,64,62,62,51,51,45', '560,560,560,560,560,560,560', '1,1,1,1,1,1,1', 104160, '2025-05-29 16:26:01', '2025-05-29 16:26:01', 1),
(136, 68, 0, '41,42,9', '10', '', '31,44,48', '52,43,49', '520,520,520', '1,1,1', 20800, '2025-05-29 16:26:01', '2025-05-29 16:26:01', 1),
(137, 68, 0, '27', '15', '', '28', '120', '360', '1', 8280, '2025-05-29 16:26:01', '2025-05-29 16:26:01', 1),
(138, 68, 0, '12', '45', '', '22', '20', '730', '3', 6570, '2025-05-29 16:26:01', '2025-05-29 16:26:01', 1),
(139, 68, 0, '28', '14', '', '21', '20', '190', '7', 2660, '2025-05-29 16:26:01', '2025-05-29 16:26:01', 1),
(140, 68, 0, '28', '27', '', '21', '20', '310', '3', 1860, '2025-05-29 16:26:01', '2025-05-29 16:26:01', 1),
(141, 68, 0, '41,58,59,61,8,17', '37', '', '72,68,66,78,72,72', '48,68,66,54,54,48', '230,230,230,230,230,230', '1,1,1,1,1,1', 38180, '2025-05-29 16:26:01', '2025-05-29 16:26:01', 1),
(142, 69, 0, '41,12,13,47,8,17', '55', '', '59,58,57,66,34,19', '43,64,65,59,59,49', '810,810,810,810,810,810', '1,1,1,1,1,1', 91530, '2025-05-29 17:19:03', '2025-05-29 17:19:03', 1),
(143, 69, 0, '8', '45', '', '15', '22', '960', '4', 7680, '2025-05-29 17:19:03', '2025-05-29 17:19:03', 1),
(144, 69, 0, '8', '14', '', '15', '22', '235', '4', 1880, '2025-05-29 17:19:03', '2025-05-29 17:19:03', 1),
(145, 69, 0, '27', '54', '', '30', '156', '460', '1', 14720, '2025-05-29 17:19:03', '2025-05-29 17:19:03', 1),
(146, 70, 0, '49,12,1,39', '58', '', '69,90,111,111', '72,72,86,86', '610,610,610,610', '1,1,1,1', 128710, '2025-05-31 05:54:09', '2025-05-31 05:54:09', 1),
(147, 70, 0, '49,33,9,10,45,17', '56', '', '69,69,69,51,65,69', '49,49,49,49,51,54', '870,870,870,870,870,870', '1,1,1,1,1,1', 116580, '2025-05-31 05:54:09', '2025-05-31 05:54:09', 1),
(148, 70, 0, '33,12', '59', '', '147,170', '86,86', '950,950', '1,1', 178600, '2025-05-31 05:54:09', '2025-05-31 05:54:09', 1),
(149, 70, 0, '49,41,42,12', '60', '', '170,170,217,71', '86,86,86,87', '520,520,520,520', '1,1,1,1', 193960, '2025-05-31 05:54:09', '2025-05-31 05:54:09', 1),
(150, 70, 0, '28', '27', '', '0', '0', '0', '0', 0, '2025-05-31 05:54:09', '2025-05-31 05:54:09', 1),
(157, 72, 0, '41,2', '63', '', '63,54', '96,98', '380,380', '1,1', 29640, '2025-06-01 15:09:01', '2025-06-01 15:09:01', 1),
(158, 72, 0, '41', '62', '', '112', '84', '1250', '1', 81250, '2025-06-01 15:09:01', '2025-06-01 15:09:01', 1),
(159, 72, 0, '42', '12', '', '27', '82', '270', '1', 4050, '2025-06-01 15:09:01', '2025-06-01 15:09:01', 1),
(160, 72, 0, '12', '30', '', '14', '14', '1470', '1', 1470, '2025-06-01 15:09:01', '2025-06-01 15:09:01', 1),
(161, 72, 0, '49', '8', '', '0', '0', '0', '0', 0, '2025-06-01 15:09:01', '2025-06-01 15:09:01', 1),
(162, 73, NULL, '49', '64', '', '67', '75', '1040', '1', 35360, '2025-06-05 14:24:02', '2025-06-05 14:24:02', 1),
(163, 73, NULL, '33,41,42', '67', '', '43,36,39', '48,45,30', '430,430,430', '1,1,1', 14190, '2025-06-05 14:24:02', '2025-06-05 14:24:02', 1),
(164, 73, NULL, '41', '65', '', '32', '18', '750', '1', 3000, '2025-06-05 14:24:02', '2025-06-05 14:24:02', 1),
(165, 73, NULL, '41,42,12', '45', '', '27,34,36', '19,47,15', '670,320,670', '1,1,1', 7540, '2025-06-05 14:24:02', '2025-06-05 14:24:02', 1),
(166, 73, NULL, '49', '66', '', '32', '18', '170', '1', 680, '2025-06-05 14:24:02', '2025-06-05 14:24:02', 1),
(167, 73, NULL, '42,12', '14', '', '27,36', '18,15', '150,150', '1,1', 900, '2025-06-05 14:24:02', '2025-06-05 14:24:02', 1),
(168, 74, NULL, '41', '64', '', '66', '76', '1040', '1', 35360, '2025-06-05 14:35:55', '2025-06-05 14:35:55', 1),
(169, 74, NULL, '41,42,12', '10', '', '43,36,39', '48,45,30', '640,640,640', '1,1,1', 21120, '2025-06-05 14:35:55', '2025-06-05 14:35:55', 1),
(170, 74, NULL, '41', '65', '', '32', '18', '750', '1', 3000, '2025-06-05 14:35:55', '2025-06-05 14:35:55', 1),
(171, 74, NULL, '41,42,12', '30', '', '27,34,36', '18,48,15', '670,320,670', '1,1,1', 7540, '2025-06-05 14:35:55', '2025-06-05 14:35:55', 1),
(172, 74, NULL, '12', '66', '', '32', '18', '180', '1', 720, '2025-06-05 14:35:55', '2025-06-05 14:35:55', 1),
(173, 74, NULL, '42,12', '14', '', '27,36', '18,15', '150,150', '1,1', 900, '2025-06-07 14:35:55', '2025-06-05 14:35:55', 1),
(175, 77, 5, '33', '47', '', '4', '4', '120', '2', 26, '2025-07-09 07:14:08', '2025-07-09 07:14:08', 1),
(177, 81, 4, '49,33', '79', '', '67,68', '60,49', '1903,2113', '1,1', 102027, '2025-07-09 07:21:30', '2025-07-09 07:21:30', 1),
(178, 81, 5, '33,41,42', '80', '', '43,46,36', '43,40,39', '2625,2610,3040', '1,1,1', 96701, '2025-07-09 07:21:30', '2025-07-09 07:21:30', 1),
(179, 81, 6, '41', '44', '', '24', '48', '1350', '2', 21600, '2025-07-09 07:32:56', '2025-07-09 07:32:56', 1),
(180, 81, 7, '41', '29', '', '98', '15', '520', '2', 10618, '2025-07-09 07:32:56', '2025-07-09 07:32:56', 1),
(181, 81, 6, '42', '12', '', '30', '75', '310', '1', 4845, '2025-07-09 07:32:56', '2025-07-09 07:32:56', 1),
(182, 81, 4, '41', '45', '', '21', '21', '690', '2', 4223, '2025-07-09 07:32:56', '2025-07-09 07:32:56', 1),
(183, 81, 6, '12', '14', '', '21', '21', '190', '3', 1744, '2025-07-09 07:32:56', '2025-07-09 07:32:56', 1),
(184, 81, 6, '42', '27', '', '23', '21', '330', '1', 1106, '2025-07-09 07:32:56', '2025-07-09 07:32:56', 1),
(185, 81, 5, '42', '15', '', '46', '167', '330', '1', 17606, '2025-07-09 07:32:56', '2025-07-09 07:32:56', 1),
(186, 81, 7, '12', '16', '', '163', '30', '560', '1', 19018, '2025-07-09 07:32:56', '2025-07-09 07:32:56', 1),
(187, 81, 6, '12', '68', '', '36', '102', '290', '2', 14790, '2025-07-09 07:32:56', '2025-07-09 07:32:56', 1),
(188, 81, 5, '49,33,41,42,12', '37', '', '72,48,48,72,36', '60,48,42,48,42', '220,220,220,220,220', '1,1,1,1,1', 20790, '2025-07-09 07:32:56', '2025-07-09 07:32:56', 1),
(189, 82, 4, '49,33,41,42,12,40,27', '69', '', '57,36,45,78,58,69,108', '45,36,43,40,53,26,58', '495,650,520,470,470,520,380', '3,2,18,4,4,10,1', 326146, '2025-07-09 14:52:03', '2025-07-09 14:52:03', 1),
(190, 83, 4, '49,33,41,42,12,47,20', '70', '', '57,36,45,78,58,69,108', '45,36,43,40,53,26,58', '470,610,495,440,440,495,350', '3,2,18,4,4,10,1', 308460, '2025-07-09 14:55:40', '2025-07-09 14:55:40', 1),
(191, 84, 6, '49,33', '72', '', '94,72', '58,58', '960,960', '4,2', 201062, '2025-07-14 06:14:33', '2025-07-14 06:14:33', 1),
(192, 84, 4, '41', '41', '', '72', '96', '1150', '1', 55200, '2025-07-14 06:14:33', '2025-07-14 06:14:33', 1),
(193, 84, 5, '33', '73', '', '96', '96', '1220', '1', 78080, '2025-07-14 06:14:33', '2025-07-14 06:14:33', 1),
(194, 84, 7, '33', '11', '', '58', '55', '940', '4', 83284, '2025-07-14 06:20:52', '2025-07-14 06:20:52', 1),
(195, 84, 6, '33,41', '54', '', '72,72', '76,96', '790,790', '1,1', 67940, '2025-07-14 06:20:52', '2025-07-14 06:20:52', 1),
(196, 85, 4, '49,33,41,42,12,23', '69', '', '56,57,33,51,46,78', '58,44,34,45,45,40', '550,550,550,550,550,550', '4,2,2,4,13,5', 274841, '2025-07-17 13:04:40', '2025-07-17 13:04:40', 1),
(197, 85, NULL, '41', '44', '', '28', '68', '570', '10', 75354, '2025-07-17 13:04:40', '2025-07-17 13:04:40', 1),
(198, 85, NULL, '33', '45', '', '25', '25', '530', '19', 43704, '2025-07-17 13:04:40', '2025-07-17 13:04:40', 1),
(199, 86, 4, '49', '47', 'HANDLE NA EXTRA', '34', '34', '340', '2', 5460, '2025-07-17 13:12:54', '2025-07-17 13:12:54', 1),
(200, 86, 5, '41', '5', 'SINGLE SHUTTER', '35', '24', '500', '1', 2915, '2025-07-17 13:12:54', '2025-07-17 13:12:54', 1),
(201, 87, 5, '33,41', '44', '', '70', '49', '720', '5', 3600, '2025-07-17 13:39:14', '2025-07-17 13:39:14', 1),
(202, 87, 5, '41', '44', '', '33', '73', '770', '2', 1540, '2025-07-17 14:16:11', '2025-07-17 14:16:11', 1),
(203, 87, 5, '41', '60', '', '56', '51', '850', '4', 3400, '2025-07-17 14:16:11', '2025-07-17 14:16:11', 1),
(204, 87, 5, '33', '36', '', '30', '86', '410', '4', 1640, '2025-07-17 14:16:11', '2025-07-17 14:16:11', 1),
(205, 87, 6, '42', '45', '', '24', '24', '625', '4', 2500, '2025-07-17 14:16:11', '2025-07-17 14:16:11', 1),
(206, 89, 5, '41,42', '4', '', '68', '43', '550', '1', 550, '2025-07-21 12:50:04', '2025-07-21 12:50:04', 1),
(207, 89, 5, '12,41,42', '69', '', '44', '41', '520', '1', 520, '2025-07-21 12:50:04', '2025-07-21 12:50:04', 1),
(208, 89, 5, '12,41,42,58', '35', '', '67', '45', '940', '1', 940, '2025-07-21 12:50:04', '2025-07-21 12:50:04', 1),
(209, 89, 4, '12,13,33,41,42,47,59', '37', '', '68', '43', '210', '1', 210, '2025-07-21 12:50:04', '2025-07-21 12:50:04', 1),
(210, 89, 4, '12,41,42', '74', '', '39', '80', '380', '1', 380, '2025-07-21 12:50:04', '2025-07-21 12:50:04', 1),
(211, 89, 5, '12,41,42,58,59', '75', '', '36', '40', '530', '1', 530, '2025-07-21 12:50:04', '2025-07-21 12:50:04', 1),
(212, 89, 5, '12,13,21,41,42', '76', '', '15', '101', '580', '1', 580, '2025-07-21 12:50:04', '2025-07-21 12:50:04', 1),
(213, 89, 5, '41,42', '15', '', '44', '67', '350', '1', 350, '2025-07-21 12:50:04', '2025-07-21 12:50:04', 1),
(214, 89, 4, '41', '27', '', '21', '14', '300', '1', 300, '2025-07-21 12:50:04', '2025-07-21 12:50:04', 1),
(215, 89, 6, '41', '14', '', '21', '14', '255', '1', 255, '2025-07-21 12:56:34', '2025-07-21 12:56:34', 1),
(216, 89, 6, '42', '78', '', '150', '36', '430', '1', 430, '2025-07-21 12:56:34', '2025-07-21 12:56:34', 1),
(217, 92, 5, '34', '81', '', '117', '109', '620', '1', 620, '2025-08-03 15:50:59', '2025-08-03 15:50:59', 1),
(218, 92, 6, '8,12,17', '82', '', '57', '87', '670', '1', 670, '2025-08-03 15:50:59', '2025-08-03 15:50:59', 1),
(219, 92, 4, '40', '83', '', '98', '81', '645', '1', 645, '2025-08-03 15:50:59', '2025-08-03 15:50:59', 1),
(220, 92, 5, '8,17', '84', '', '103', '75', '750', '1', 750, '2025-08-03 15:50:59', '2025-08-03 15:50:59', 1),
(221, 92, 6, '8,12,17,41,51', '4', '', '81', '60', '580', '1', 580, '2025-08-03 15:50:59', '2025-08-03 15:50:59', 1),
(222, 92, 4, '8,17', '69', '', '36', '36', '660', '1', 660, '2025-08-03 15:50:59', '2025-08-03 15:50:59', 1),
(223, 92, 6, '51', '28', '', '27', '45', '780', '1', 780, '2025-08-03 15:58:06', '2025-08-03 15:58:06', 1),
(224, 92, 7, '41', '85', '', '116', '112', '530', '1', 530, '2025-08-03 15:58:06', '2025-08-03 15:58:06', 1),
(225, 92, 6, '11', '86', '', '342', '36', '520', '1', 520, '2025-08-03 15:58:06', '2025-08-03 15:58:06', 1),
(226, 92, 5, '27', '87', '', '576', '36', '700', '1', 700, '2025-08-03 15:58:06', '2025-08-03 15:58:06', 1),
(227, 92, 7, '9', '45', '', '25', '27', '490', '3', 1470, '2025-08-03 15:58:06', '2025-08-03 15:58:06', 1);

-- --------------------------------------------------------

--
-- Table structure for table `user`
--

CREATE TABLE `user` (
  `user_id` int(11) NOT NULL,
  `username` varchar(100) NOT NULL,
  `password` varchar(150) NOT NULL,
  `email` varchar(50) NOT NULL,
  `status` tinyint(1) NOT NULL DEFAULT 1,
  `created_at` datetime NOT NULL DEFAULT current_timestamp()
) ENGINE=InnoDB DEFAULT CHARSET=utf8mb4 COLLATE=utf8mb4_general_ci;

--
-- Dumping data for table `user`
--

INSERT INTO `user` (`user_id`, `username`, `password`, `email`, `status`, `created_at`) VALUES
(2, 'saddam', 'Saddam123@', 'saddam.badhra@gmail.com', 1, '2023-03-31 10:37:54');

--
-- Indexes for dumped tables
--

--
-- Indexes for table `frame_image`
--
ALTER TABLE `frame_image`
  ADD PRIMARY KEY (`frame_image_id`);

--
-- Indexes for table `invoice`
--
ALTER TABLE `invoice`
  ADD PRIMARY KEY (`invoice_id`);

--
-- Indexes for table `location`
--
ALTER TABLE `location`
  ADD PRIMARY KEY (`location_id`),
  ADD UNIQUE KEY `name` (`name`);

--
-- Indexes for table `orders`
--
ALTER TABLE `orders`
  ADD PRIMARY KEY (`orders_id`);

--
-- Indexes for table `party`
--
ALTER TABLE `party`
  ADD PRIMARY KEY (`party_id`),
  ADD UNIQUE KEY `contact` (`contact`);

--
-- Indexes for table `price`
--
ALTER TABLE `price`
  ADD PRIMARY KEY (`price_id`);

--
-- Indexes for table `product`
--
ALTER TABLE `product`
  ADD PRIMARY KEY (`product_id`),
  ADD UNIQUE KEY `name` (`name`);

--
-- Indexes for table `profile`
--
ALTER TABLE `profile`
  ADD PRIMARY KEY (`profile_id`);

--
-- Indexes for table `transaction`
--
ALTER TABLE `transaction`
  ADD PRIMARY KEY (`transaction_id`);

--
-- Indexes for table `user`
--
ALTER TABLE `user`
  ADD PRIMARY KEY (`user_id`);

--
-- AUTO_INCREMENT for dumped tables
--

--
-- AUTO_INCREMENT for table `frame_image`
--
ALTER TABLE `frame_image`
  MODIFY `frame_image_id` int(11) NOT NULL AUTO_INCREMENT, AUTO_INCREMENT=9;

--
-- AUTO_INCREMENT for table `invoice`
--
ALTER TABLE `invoice`
  MODIFY `invoice_id` int(11) NOT NULL AUTO_INCREMENT, AUTO_INCREMENT=5;

--
-- AUTO_INCREMENT for table `location`
--
ALTER TABLE `location`
  MODIFY `location_id` int(11) NOT NULL AUTO_INCREMENT, AUTO_INCREMENT=70;

--
-- AUTO_INCREMENT for table `orders`
--
ALTER TABLE `orders`
  MODIFY `orders_id` int(11) NOT NULL AUTO_INCREMENT, AUTO_INCREMENT=105;

--
-- AUTO_INCREMENT for table `party`
--
ALTER TABLE `party`
  MODIFY `party_id` int(11) NOT NULL AUTO_INCREMENT, AUTO_INCREMENT=116;

--
-- AUTO_INCREMENT for table `price`
--
ALTER TABLE `price`
  MODIFY `price_id` int(11) NOT NULL AUTO_INCREMENT, AUTO_INCREMENT=7;

--
-- AUTO_INCREMENT for table `product`
--
ALTER TABLE `product`
  MODIFY `product_id` int(11) NOT NULL AUTO_INCREMENT, AUTO_INCREMENT=98;

--
-- AUTO_INCREMENT for table `profile`
--
ALTER TABLE `profile`
  MODIFY `profile_id` int(11) NOT NULL AUTO_INCREMENT, AUTO_INCREMENT=2;

--
-- AUTO_INCREMENT for table `transaction`
--
ALTER TABLE `transaction`
  MODIFY `transaction_id` int(11) NOT NULL AUTO_INCREMENT, AUTO_INCREMENT=237;

--
-- AUTO_INCREMENT for table `user`
--
ALTER TABLE `user`
  MODIFY `user_id` int(11) NOT NULL AUTO_INCREMENT, AUTO_INCREMENT=4;
COMMIT;

/*!40101 SET CHARACTER_SET_CLIENT=@OLD_CHARACTER_SET_CLIENT */;
/*!40101 SET CHARACTER_SET_RESULTS=@OLD_CHARACTER_SET_RESULTS */;
/*!40101 SET COLLATION_CONNECTION=@OLD_COLLATION_CONNECTION */;
